"TEQUIP","値",,"名称","プロンプト","ネガティブ","備考"
11,1,"クリキャップ",,,,
12,1,"オナホール",,,,
13,1,"バイブ",,,,
14,1,"アナルバイブ",,,,
15,1,"アナルビーズ",,,,
16,1,"ニプルキャップ",,,,
17,1,"搾乳機",,,,
18,1,"アイマスク",,"(blindfold:1.5)","(eyes:1.4),(eye:1.4)",
19,1,"縄",,"nude,shibari, Japanese Bondage, rope",,
20,1,"ボールギャグ",,"ball gagged , gag , ball gag",,
21,1,"浣腸",,,,
22,1,"拡張バルーン",,,,
23,1,"アナル電極",,,,
25,1,"触手調教",,,,
26,1,"媚薬",,,,
27,1,"利尿剤",,,,
28,1,"ビデオ撮影",,,,
29,1,"野外プレイ",,,,
30,1,"羞恥プレイ",,,,
31,1,"お風呂場プレイ",,,,
32,1,"シャワー",,,,
33,1,"新妻プレイ",,,,
35,1,"コンドーム",,,,
40,1,"膣鏡",,,,
