キャラ名,固有下着形容詞,固有下半身下着名,固有上半身下着名,下半身下着プロンプト,下半身下着ネガティブ,上半身下着プロンプト,上半身下着ネガティブ,,
霊夢,小さな赤いリボンがフロントに付いている,フロントリボンショーツ,リボンブラジャー,Front ribbon shorts with small red ribbons on the front,,A ribbon bra with a small red ribbon on the front,,小さな赤いリボンがフロントに付いているフロントリボンショーツ,小さな赤いリボンがフロントに付いているリボンブラジャー
る~こと,新品同然の,純白ショーツ,純白ブラ,Pure white short shorts like a new one,,A pure white bra like a new one,,新品同然の純白ショーツ,新品同然の純白ブラ
カナ,描かれた猫が動く,プリントパンツ(猫),ハーフトップブラ,Print pants (cats) where the cat is drawn,,Half top bra with a cat drawn,,描かれた猫が動くプリントパンツ(猫),描かれた猫が動くハーフトップブラ
魅魔,白い肌に映える,薔薇刺繍ショーツ,薔薇刺繍ブラ,Rose embroidery shorts that shine on white skin,,Rose embroidery bra that shines on white skin,,白い肌に映える薔薇刺繍ショーツ,白い肌に映える薔薇刺繍ブラ
サニー,太陽のマークが刺繍された,ワンポイントショーツ,ハーフトップブラ,One -point shorts with embroidered sun mark,,Half top bra with embroidered sun mark,,太陽のマークが刺繍されたワンポイントショーツ,太陽のマークが刺繍されたハーフトップブラ
ルナ,月のマークが刺繍された,ワンポイントショーツ,ハーフトップブラ,One -point shorts with embroidered moon mark,,Half top bra embroidered by the moon mark,,月のマークが刺繍されたワンポイントショーツ,月のマークが刺繍されたハーフトップブラ
スター,星のマークが刺繍された,ワンポイントショーツ,ハーフトップブラ,One -point shorts with embroidered star marks,,Half top bra with embroidered star marks,,星のマークが刺繍されたワンポイントショーツ,星のマークが刺繍されたハーフトップブラ
ちゆり,青いラインが入った,セーラー風ショーツ,セーラー風ブラ,Sailor -style shorts with blue lines,,Sailor -style bra with blue lines,,青いラインが入ったセーラー風ショーツ,青いラインが入ったセーラー風ブラ
夢美,破れても再生する,ナノテクショーツ,ナノテクブラ,Nanotech shorts that regenerate even if it breaks,,Nanotecbra that regenerates even if it breaks,,破れても再生するナノテクショーツ,破れても再生するナノテクブラ
萃香,とっても丈夫な,鬼のパンツ,　,Very durable demon pants,,Very durable,,とっても丈夫な鬼のパンツ,とっても丈夫な
魔理沙,乙女チックな,フリルドロワーズ,シュミーズ,Otome chic frilledroise,,Otome Chick Schmese,,乙女チックなフリルドロワーズ,乙女チックなシュミーズ
ルーミア,闇を固めたような,漆黒のショーツ,漆黒のキャミソール,Jet -black shorts that have solidified darkness,,Jet -black camisole that has solidified darkness,,闇を固めたような漆黒のショーツ,闇を固めたような漆黒のキャミソール
大妖精,自作らしい,毛糸のパンツ,毛糸のブラ,Pants of your own wool,,Bra with a wool that seems to be made,,自作らしい毛糸のパンツ,自作らしい毛糸のブラ
チルノ,ひんやり冷たい,氷精のパンツ,氷精のキャミソール,Cool ice pants,,Cold cold ice categoric camisole,,ひんやり冷たい氷精のパンツ,ひんやり冷たい氷精のキャミソール
咲夜,ガーター付きの上品な,高級シルクショーツ,高級シルクブラ,Elegant luxury silk shorts with garter,,Elegant luxury silk bra with garter,,ガーター付きの上品な高級シルクショーツ,ガーター付きの上品な高級シルクブラ
レミリア,ものすごく高級な,フルレースショーツ,キャミソール,Very high -quality full race shorts,,Very high -end camisole,,ものすごく高級なフルレースショーツ,ものすごく高級なキャミソール
アリス,アリスお手製の,手編みレースショーツ,スリップ,Alice Hand -knitting race shorts,,Alice's homemade slip,,アリスお手製の手編みレースショーツ,アリスお手製のスリップ
リリーW,ほんのり暖かい,春告精のパンツ,春告精のキャミソール,Slightly warm spring acclaim pants,,Camisole with a slightly warm spring notice,,ほんのり暖かい春告精のパンツ,ほんのり暖かい春告精のキャミソール
リリーB,ほんのり暖かい,黒春告精のパンツ,黒春告精のキャミソール,Slightly warm Kuroharu Pants pants,,Camisole with a slightly warm Kuroharu.,,ほんのり暖かい黒春告精のパンツ,ほんのり暖かい黒春告精のキャミソール
リリカ,星空模様の,コットンショーツ,スポーツブラ,Starry sky pattern cotton shorts,,Sports bra with a starry sky pattern,,星空模様のコットンショーツ,星空模様のスポーツブラ
メルラン,お日様模様の,フラップショーツ,フルカップブラ,Flap shorts of the day pattern,,Full cup bra with a sun pattern,,お日様模様のフラップショーツ,お日様模様のフルカップブラ
ルナサ,三日月模様の,ミニショーツ,ストラップレスブラ,Midnond moon -pattern mini shorts,,Strapless bra with a crescent moon pattern,,三日月模様のミニショーツ,三日月模様のストラップレスブラ
妖夢,動きやすさ重視の,インナースパッツ,スポーツブラ,Innerers pats that emphasizes ease of movement,,Sports bra that emphasizes ease of movement,,動きやすさ重視のインナースパッツ,動きやすさ重視のスポーツブラ
橙,黒猫柄の,手縫いぱんつ,　,Hand -sewn on the black cat pattern,,Black cat pattern,,黒猫柄の手縫いぱんつ,黒猫柄の
藍,大きな尻尾穴が開いた,Ｏバックショーツ,フルカップブラ,O -back shorts with large tail holes,,A full cup bra with a large tail hole,,大きな尻尾穴が開いたＯバックショーツ,大きな尻尾穴が開いたフルカップブラ
紫,怪しげな光沢を放つ,シルクサテンショーツ,シルクサテンブラ,Silk satin shorts with dubious luster,,Silk Saten bra that gives off a dubious gloss,,怪しげな光沢を放つシルクサテンショーツ,怪しげな光沢を放つシルクサテンブラ
リグル,妖力が籠った,野蚕糸製ショーツ,野蚕糸製ブラ,Wild silkworm shorts with power,,Wild silkworm bra with a powerful power,,妖力が籠った野蚕糸製ショーツ,妖力が籠った野蚕糸製ブラ
ミスティア,翼を象った,ソングショーツ,ハーフカップブラ,Song shorts with wings,,Half cup bra with wings,,翼を象ったソングショーツ,翼を象ったハーフカップブラ
文,鴉の濡れ羽色の,Ｖカットショーツ,三角ブラ,Crow's wet feather V -cut shorts,,Crow's wet feathered triangle bra,,鴉の濡れ羽色のＶカットショーツ,鴉の濡れ羽色の三角ブラ
映姫,大事にはき古した,木綿のパンツ,木綿のブラ,Cotton pants that were important,,Cotton bra that was carefully used,,大事にはき古した木綿のパンツ,大事にはき古した木綿のブラ
早苗,早苗とっておきの,サイドリボンショーツ,フロントホックブラ,Sanae Sanae Side Ribbon Shorts,,The best front hook bra for Sanae,,早苗とっておきのサイドリボンショーツ,早苗とっておきのフロントホックブラ
神奈子,神に捧げられた,和妙の下穿き,サラシ,Underwear under the peace dedicated to God,,Sarashi dedicated to God,,神に捧げられた和妙の下穿き,神に捧げられたサラシ
諏訪子,少女の香りがする,ケロちゃんぱんつ,　,Kero -chan Pantsu with the scent of a girl,,The scent of a girl,,少女の香りがするケロちゃんぱんつ,少女の香りがする
天子,一切の縫い目がない,桃色パンティ,ブラキャミ,Pink panties without any seams,,Brachami without any seams,,一切の縫い目がない桃色パンティ,一切の縫い目がないブラキャミ
衣玖,羽衣のように軽やかな,薄絹のショーツ,薄絹のブラ,Light silk shorts like Hagoromo,,Light silk bra like Hagoromo,,羽衣のように軽やかな薄絹のショーツ,羽衣のように軽やかな薄絹のブラ
お燐,尻尾を邪魔しないローライズの,ハーフバックショーツ,フリルブラ,Low -rise half -back shorts that do not disturb the tail,,Low -rise frill bra that does not disturb the tail,,尻尾を邪魔しないローライズのハーフバックショーツ,尻尾を邪魔しないローライズのフリルブラ
お空,【CAUTION！】と描かれた,プリントショーツ(核),プリントブラ,[CAUTION! ] Print shorts (nuclear) drawn,,[CAUTION! ] And the print bra drawn,,【CAUTION！】と描かれたプリントショーツ(核),【CAUTION！】と描かれたプリントブラ
こいし,多分こいしの物ではない,セクシーショーツ,セクシーブラ,Probably not a sexy shorts,,Maybe a sexy bra that is not a kid,,多分こいしの物ではないセクシーショーツ,多分こいしの物ではないセクシーブラ
ナズーリン,尻尾穴の開いたねずみ色の,ニットショーツ,ニットブラ,Knit shorts with a tail hole opened,,A knit bra with a tail hole with a tail hole,,尻尾穴の開いたねずみ色のニットショーツ,尻尾穴の開いたねずみ色のニットブラ
小傘,驚かし用の,目玉柄ショーツ,目玉柄ブラ,Featured ball for surprising,,The eyeball pattern bra for surprising,,驚かし用の目玉柄ショーツ,驚かし用の目玉柄ブラ
ぬえ,モザイクでぼやける,正体不明パンツ,正体不明ブラ,Unidentified pants that blur with mosaics,,Unidentified blur that blurs with mosaic,,モザイクでぼやける正体不明パンツ,モザイクでぼやける正体不明ブラ
はたて,今時の少女らしい,フリルスキャンティ,フリルブラ,Frillscanty like a girl of the time,,Frill Bra like a girl of the present time,,今時の少女らしいフリルスキャンティ,今時の少女らしいフリルブラ
華扇,パステルピンクの,フレアショーツ,フレアブラ,Pastel pink flare shorts,,Pastel pink flare bra,,パステルピンクのフレアショーツ,パステルピンクのフレアブラ
エレン,ふりふりふわふわの,リボンフリルショーツ,キャミソール,Pretendful fluffy ribbon frill shorts,,Pretendful fluffy camisole,,ふりふりふわふわのリボンフリルショーツ,ふりふりふわふわのキャミソール
理香子,安価でシンプルな,白パンティ,白ブラジャー,Inexpensive and simple white panties,,Inexpensive and simple white bra jar,,安価でシンプルな白パンティ,安価でシンプルな白ブラジャー
明羅,古式ゆかしい,もっこ褌,サラシ,Old style Yuko Mokko loincloth,,Old -fashioned Sarashi,,古式ゆかしいもっこ褌,古式ゆかしいサラシ
里香,普段穿きの油断した,地味ショーツ,スポーツブラ,Commoder -to -beer plain shorts that you usually wear,,Sports bra that I usually wear,,普段穿きの油断した地味ショーツ,普段穿きの油断したスポーツブラ
ルイズ,旅歩き用の,カジュアルショーツ,カジュアルブラ,Casual shorts for traveling,,Casual bra for traveling,,旅歩き用のカジュアルショーツ,旅歩き用のカジュアルブラ
さとり,薔薇の刺繍が美しい,クチュールショーツ,クチュールブラ,Couture shorts with beautiful rose embroidery,,Couture Bra with beautiful rose embroidery,,薔薇の刺繍が美しいクチュールショーツ,薔薇の刺繍が美しいクチュールブラ
フラン,ちょっと背伸びした,フリルタンガ,キャミソール,A little stretched Frirtanga,,A slightly stretched camisole,,ちょっと背伸びしたフリルタンガ,ちょっと背伸びしたキャミソール
にとり,防水仕様の,ビキニショーツ,チューブトップブラ,Waterproof bikini shorts,,Waterproof tube top bra,,防水仕様のビキニショーツ,防水仕様のチューブトップブラ
鈴仙,兎尻尾にリボンで結わえた,ボーダーショーツ,ボーダーブラ,Border shorts tied with ribbons on the rabbit tail,,Border bra tied with a ribbon on the rabbit tail,,兎尻尾にリボンで結わえたボーダーショーツ,兎尻尾にリボンで結わえたボーダーブラ
てゐ,風水的に金運バッチリの,サテンショーツ,サテンキャミ,Feng Shui Feng Shui's lucky satin shorts,,Feng Shui Feng Shui's lucky satin cami,,風水的に金運バッチリのサテンショーツ,風水的に金運バッチリのサテンキャミ
パチュリー,柔らかな生地の,シフォンショーツ,ブラスリップ,Soft fabric chiffon shorts,,Brass lip of soft fabric,,柔らかな生地のシフォンショーツ,柔らかな生地のブラスリップ
白蓮,何度も繕った跡がある,さらし布のパンツ,さらし布の胸当て,There are traces that have been repaired many times,,There are many traces that I have repaired many times,,何度も繕った跡があるさらし布のパンツ,何度も繕った跡があるさらし布の胸当て
神子,オーダーメイドの,純絹レースショーツ,純絹ソフトブラ,Made -to -order pure silk race shorts,,Made -to -order pure silk soft bra,,オーダーメイドの純絹レースショーツ,オーダーメイドの純絹ソフトブラ
こころ,スリットが笑顔を象る,穴開きパンツ,　,Pants with holes where slits smile,,The slit smiles,,スリットが笑顔を象る穴開きパンツ,スリットが笑顔を象る
美鈴,ラインが響かない,ハイレグTバック,スポーツブラ,High -leg T -back where the line does not sound,,Sports bra where the line does not sound,,ラインが響かないハイレグTバック,ラインが響かないスポーツブラ
小悪魔,挑発的な,レースTバック,シースルーレースブラ,Provocatative lace T back,,Provocatative seal lace bra,,挑発的なレースTバック,挑発的なシースルーレースブラ
パルスィ,無闇に過激な,ストリングショーツ,ストリングブラ,Dark and radical string shorts,,Unlimited and radical string bra,,無闇に過激なストリングショーツ,無闇に過激なストリングブラ
妹紅,無自覚お洒落な,護符パンツ,　,Unknowingly stylish amulet pants,,Unconscious,,無自覚お洒落な護符パンツ,無自覚お洒落な
輝夜,星の輝きが織り込まれた,文布のショーツ,文布のブラ,Wunfu shorts with the glow of the stars,,Wunfu bra with the glow of the stars,,星の輝きが織り込まれた文布のショーツ,星の輝きが織り込まれた文布のブラ
影狼,“菊に盃”の絵柄をあしらった,麻布のパンツ,麻布のブラ,Azabu pants with a “chrysanthemum cup” pattern,,Azabu bra with a chrysanthemum cup pattern,,“菊に盃”の絵柄をあしらった麻布のパンツ,“菊に盃”の絵柄をあしらった麻布のブラ
勇儀,とっても強い,虎皮の鬼パンツ,サラシ,Very strong tiger skin demon pants,,Very strong salashi,,とっても強い虎皮の鬼パンツ,とっても強いサラシ
椛,実用性第一の,端切れふんどし,サラシ,Practical and first terms,,Practical and first Sarashi,,実用性第一の端切れふんどし,実用性第一のサラシ
幽々子,桜の柄が鮮やかな,和装ショーツ,和装ブラ,Japanese -style shorts with vivid cherry blossom patterns,,Kimono bra with a vivid cherry blossom pattern,,桜の柄が鮮やかな和装ショーツ,桜の柄が鮮やかな和装ブラ
慧音,あらかじめ尻尾穴を開けてある,藍染のショーツ,藍染のブラ,Aizen shorts with tail holes in advance,,Aizen bra with a tail hole in advance,,あらかじめ尻尾穴を開けてある藍染のショーツ,あらかじめ尻尾穴を開けてある藍染のブラ
幽香,色気と可愛さと両立する,花柄プリーツパンティ,花柄ブラ,Floral pattern pleated panties that balance sex appeal and cuteness,,Flower pattern bra that is compatible with sex appeal and cuteness,,色気と可愛さと両立する花柄プリーツパンティ,色気と可愛さと両立する花柄ブラ
マミゾウ,葉っぱの描かれた風流な,リネンパンティ,リネンブラ,Wind linen panties with leaves,,Wind linen bra drawn by leaves,,葉っぱの描かれた風流なリネンパンティ,葉っぱの描かれた風流なリネンブラ
小鈴,英字新聞柄の,モノトーンショーツ,モノトーンブラ,English newspaper pattern monotone shorts,,English newspaper pattern monotone bra,,英字新聞柄のモノトーンショーツ,英字新聞柄のモノトーンブラ
針妙丸,大きくても小さくてもピッタリサイズな,小人のパンツ,小人のキャミソール,Pants of dwarfs who are perfect for large or small,,Camisole of a dwarf who is perfect for both large or small,,大きくても小さくてもピッタリサイズな小人のパンツ,大きくても小さくてもピッタリサイズな小人のキャミソール
永琳,深い神秘の気配がする,倭文布のショーツ,倭文布のブラ,The shorts of the Wunbunfu with a deep mystery sign,,A bra of the Waro cloth with a sign of a deep mystery,,深い神秘の気配がする倭文布のショーツ,深い神秘の気配がする倭文布のブラ
蛮奇,グラデーションが美しい,薄紅色のショーツ,薄紅色のブラ,Light red short short shorts with beautiful gradation,,Light red bra with beautiful gradation,,グラデーションが美しい薄紅色のショーツ,グラデーションが美しい薄紅色のブラ
レティ,霜のように白く冷たい,雪女のパンツ,雪女のブラ,Pants of cold snow girls like frost,,A bra of a cold snow woman like frost like frost,,霜のように白く冷たい雪女のパンツ,霜のように白く冷たい雪女のブラ
メディスン,多分毒が滲み込んでいる,紫染めのパンツ,紫染めのキャミソール,Probably purple dyed pants with poisoning,,Probably purple dyed camisole with poisoning,,多分毒が滲み込んでいる紫染めのパンツ,多分毒が滲み込んでいる紫染めのキャミソール
小町,オトナの魅力溢れる,タンガショーツ,レースブラ,Tanga shorts full of adults,,Lace bra full of adult charm,,オトナの魅力溢れるタンガショーツ,オトナの魅力溢れるレースブラ
静葉,秋の終焉を体現する,紅葉のパンツ,紅葉のブラ,Autumn leaves that embody the end of autumn,,Autumn leaves that embody the end of autumn,,秋の終焉を体現する紅葉のパンツ,秋の終焉を体現する紅葉のブラ
穣子,ほんのり甘い香りがする,焼き芋色のパンツ,焼き芋色のブラ,Baked potato -colored pants with a slightly sweet scent,,A grilled potato -colored bra with a slightly sweet scent,,ほんのり甘い香りがする焼き芋色のパンツ,ほんのり甘い香りがする焼き芋色のブラ
雛,黒と緑で重厚に彩られた,ゴシックショーツ,ゴシックブラ,Gothic shorts with black and greenery,,"Gothic bra, which is dark in black and green",,黒と緑で重厚に彩られたゴシックショーツ,黒と緑で重厚に彩られたゴシックブラ
阿求,肌に優しい絹100％の,シームレスショーツ,　,Seamless shorts of 100 % silk that is gentle on the skin,,100 % silk that is gentle on the skin,,肌に優しい絹100％のシームレスショーツ,肌に優しい絹100％の
蓮子,下半身が引き締まって見える,ドット柄ショーツ,ヌーブラ,Dot pattern shorts with a tight lower body,,Nubra that looks tight with the lower body,,下半身が引き締まって見えるドット柄ショーツ,下半身が引き締まって見えるヌーブラ
メリー,落ち着いた印象の,ストライプショーツ,ストライプブラ,Stripe shorts with a calm impression,,Stripe bra with a calm impression,,落ち着いた印象のストライプショーツ,落ち着いた印象のストライプブラ
キスメ,ちっちゃくて可愛らしい,桃色ふんどし,　,Tiny and cute pink pink loinces,,Chicken and cute,,ちっちゃくて可愛らしい桃色ふんどし,ちっちゃくて可愛らしい
ヤマメ,黒地に蜘蛛の巣を刺繍した,スパイダー柄ショーツ,スパイダー柄ブラ,Spider -pattern shorts embroidered with spider web on a black background,,Spider -pattern bra embroidered with spider web on a black background,,黒地に蜘蛛の巣を刺繍したスパイダー柄ショーツ,黒地に蜘蛛の巣を刺繍したスパイダー柄ブラ
一輪,抹香の匂いがする,お古の木綿パンツ,お古の木綿ブラ,Old cotton pants that smell like incense,,An old cotton bra that smells of incense,,抹香の匂いがするお古の木綿パンツ,抹香の匂いがするお古の木綿ブラ
水蜜,名前代わりに錨のマークが書かれた,ボーイッシュショーツ,タンクトップブラ,Boyish shorts with an anchor mark instead,,Tank top bra with an anchor mark instead,,名前代わりに錨のマークが書かれたボーイッシュショーツ,名前代わりに錨のマークが書かれたタンクトップブラ
星,彼女らしい,寅柄のパンツ,寅柄のブラ,Her -like tiger pattern pants,,Her -like tiger pattern bra,,彼女らしい寅柄のパンツ,彼女らしい寅柄のブラ
響子,渋い妖怪の絵が描かれた,プリントショーツ(山彦),　,Print shorts (Yamahiko) with a picture of a bitter youkai,,The picture of a bitter youkai was drawn,,渋い妖怪の絵が描かれたプリントショーツ(山彦),渋い妖怪の絵が描かれた
芳香,青娥が着せたと思しき,三段フリルショーツ,フリルブラ,It seems that Blue E -e was wearing a three -stage frill shorts,,It seems that Blue E -e was wearing a frill bra,,青娥が着せたと思しき三段フリルショーツ,青娥が着せたと思しきフリルブラ
青娥,肉感的な体を際立たせる,編み上げショーツ,胸元編み上げブラ,Braiding shorts that emphasize a fleshy body,,Chest bra that emphasizes a fleshy body,,肉感的な体を際立たせる編み上げショーツ,肉感的な体を際立たせる胸元編み上げブラ
屠自古,重さのない,霊体ショーツ,霊体ブラ,Spirit shorts without weight,,Spirit bra without weight,,重さのない霊体ショーツ,重さのない霊体ブラ
布都,誰かに騙されて穿いているらしい,女児パンツ,サラシ,A girl pants that seems to be deceived by someone,,Sarashi that seems to be tricked by someone,,誰かに騙されて穿いているらしい女児パンツ,誰かに騙されて穿いているらしいサラシ
わかさぎ姫,人魚の王道であろう,貝殻ビキニ,貝殻ブラ,A shell bikini that will be the royal road of mermaids,,Shell bra that will be the royal road of mermaids,,人魚の王道であろう貝殻ビキニ,人魚の王道であろう貝殻ブラ
弁々,古着をリメイクした,アシンメトリーパンツ,アシンメトリーブラ,Asymmetry pants remade used clothes,,Asymmetry bra remade used clothes,,古着をリメイクしたアシンメトリーパンツ,古着をリメイクしたアシンメトリーブラ
八橋,古着をリメイクした,緩めの紐ショーツ,素朴な紐ブラ,Loose string shorts that remake used clothes,,A simple string bra that remakes old clothes,,古着をリメイクした緩めの紐ショーツ,古着をリメイクした素朴な紐ブラ
雷鼓,ロックに攻めたデザインの,サイドストリングス,黒ブラ,Side strings with designed design,,Black bra with a design attacked by rock,,ロックに攻めたデザインのサイドストリングス,ロックに攻めたデザインの黒ブラ
正邪,苦楽を共にした,擦り切れパンツ,汚れたサラシ,Rubbed pants with hardship together,,Dirty Sarashi with a hard time,,苦楽を共にした擦り切れパンツ,苦楽を共にした汚れたサラシ
依姫,一切の穢れなき,無邪の下衣,清浄の肌衣,An innocent underwear without any filth,,All dirty clean skin clothes,,一切の穢れなき無邪の下衣,一切の穢れなき清浄の肌衣
豊姫,永遠不壊の,Ｆファイバーショーツ,Ｆファイバーブラ,F -fiber shorts of eternity,,F -fiber bra of eternity,,永遠不壊のＦファイバーショーツ,永遠不壊のＦファイバーブラ
レイセン,地味さ以外に非の打ち所がない,玉兎支給パンツ,玉兎支給ブラ,Pants payment pants that have no unattended points other than plainness,,Ball rabbit payment bra that has no other place other than plainness,,地味さ以外に非の打ち所がない玉兎支給パンツ,地味さ以外に非の打ち所がない玉兎支給ブラ
朱鷺子,白地に淡い紅を引いた,朱鷺色パンツ,朱鷺色ブラ,Toki -colored pants with pale red on a white background,,Toki -colored bra with a pale red on a white background,,白地に淡い紅を引いた朱鷺色パンツ,白地に淡い紅を引いた朱鷺色ブラ
神綺,無から創造された,魔界神様のパンツ,魔界神様のブラ,Makai God's pants created from nothing,,Makai God's bra created from nothing,,無から創造された魔界神様のパンツ,無から創造された魔界神様のブラ
夢子,謎の重みと冷たさがある,夢子のパンツ,夢子のブラ,Yumeko's pants with mysterious weight and coldness,,Yumeko's bra with mysterious weight and coldness,,謎の重みと冷たさがある夢子のパンツ,謎の重みと冷たさがある夢子のブラ
ユキ,魔界で流行りの,フレアパンティ,ブラレット,Flare panties that are trendy in Makai,,Bralets that are trendy in Makai,,魔界で流行りのフレアパンティ,魔界で流行りのブラレット
マイ,魔界でも変わり種の,魔法陣柄パンツ,サラシ,Unusual species of magic team pants in the Makai,,Unusual sarashi in the Makai World,,魔界でも変わり種の魔法陣柄パンツ,魔界でも変わり種のサラシ
菫子,女子高生としては地味めな,スタンダードパンティ,無地のブラジャー,"As a high school girl, a plain standard panties",,"As a high school girl, plain plain bra",,女子高生としては地味めなスタンダードパンティ,女子高生としては地味めな無地のブラジャー
清蘭,裾の方がスケスケの,シースルードロワ,　,"The hem is smashed, see -through dois",,The hem is better,,裾の方がスケスケのシースルードロワ,裾の方がスケスケの
鈴瑚,【鈴瑚屋】と豪快に一筆された,宣伝用パンツ,ノンワイヤーブラジャー,[Suzukoya] and advertising pants that are exciting,,[Suzukoya] Non -Wire Braja who was written in a lively one,,【鈴瑚屋】と豪快に一筆された宣伝用パンツ,【鈴瑚屋】と豪快に一筆されたノンワイヤーブラジャー
ドレミー,柔らかくしなやかで可塑性が高い,夢魂パンツ,夢魂ブラ,"Soft, supple and highly plastic dream pants",,"Soft, supple and highly plastic dream bra",,柔らかくしなやかで可塑性が高い夢魂パンツ,柔らかくしなやかで可塑性が高い夢魂ブラ
サグメ,衣装のスカートとお揃いの,矢印柄ショーツ,矢印柄ブラ,A matching arrow with the costume skirt,,Aligned arrow pattern bra with the costume skirt,,衣装のスカートとお揃いの矢印柄ショーツ,衣装のスカートとお揃いの矢印柄ブラ
クラウンピース,タイツにラインが響かない,ストリングＴバック,ミニキャミ,String T -back where the line does not resonate with tights,,Mini -cami that does not sound the tights,,タイツにラインが響かないストリングＴバック,タイツにラインが響かないミニキャミ
純狐,ヒップラインを美しく支える,ガードルショーツ,レースブラ,Girdle shorts that beautifully support the hip line,,Lace bra that beautifully supports the hip line,,ヒップラインを美しく支えるガードルショーツ,ヒップラインを美しく支えるレースブラ
ヘカーティア,見るだけで地獄に落ちそうな,『GoToHell』パンツ,チューブトップブラ,GOTOHELL pants that are likely to fall into hell just by looking at,,Tube top bra that seems to fall into hell just by looking at it,,見るだけで地獄に落ちそうな『GoToHell』パンツ,見るだけで地獄に落ちそうなチューブトップブラ
くるみ,少女趣味の愛らしい,ハートリボンパンティ,リボンブラ,Girl hobby adorable heart ribbon panties,,Girl hobby lovely ribbon bra,,少女趣味の愛らしいハートリボンパンティ,少女趣味の愛らしいリボンブラ
エリー,優雅にレースをあしらった,エレガントショーツ,エレガントブラ,Elegant shorts with graceful races,,Elegant bra with graceful races,,優雅にレースをあしらったエレガントショーツ,優雅にレースをあしらったエレガントブラ
夢月,いかにもメイドっぽい,花柄白レースパンティ,花柄白レースブラ,A very maid floral white lace panty,,A very maid floral white lace bra,,いかにもメイドっぽい花柄白レースパンティ,いかにもメイドっぽい花柄白レースブラ
幻月,緩やかに表面の柄が変わる,夢幻パンツ,夢幻ブラ,Dream pants where the surface pattern changes slowly,,A dream bra with a gentle surface pattern changes slowly,,緩やかに表面の柄が変わる夢幻パンツ,緩やかに表面の柄が変わる夢幻ブラ
ラルバ,碧色に煌めく,鱗粉染めパンティ,キャミソール,Scale flour dyeing panties that sparkle in blue,,Camisole that sparkles in blue,,碧色に煌めく鱗粉染めパンティ,碧色に煌めくキャミソール
ネムノ,色の濃淡が面白い,手染めふんどし,さらし,Hand -dyed loincloth with interesting color shades,,The shade of the color is interesting,,色の濃淡が面白い手染めふんどし,色の濃淡が面白いさらし
あうん,二色の布が組み合わさった,紅白パンツ,紅白ブラ,Red and white pants combined with two colors of cloth,,Red and white bra combined with two colors of cloth,,二色の布が組み合わさった紅白パンツ,二色の布が組み合わさった紅白ブラ
成美,ありがたい御言葉が書かれた,朱布ふんどし,さらし,Shizu Fundoshi with thank you words,,Thank you for your words.,,ありがたい御言葉が書かれた朱布ふんどし,ありがたい御言葉が書かれたさらし
舞,踊りやすそうな,ボーイズショーツ,スポーツブラ,Boys shorts that seem to be easy to dance,,Sports bra that seems to be easy to dance,,踊りやすそうなボーイズショーツ,踊りやすそうなスポーツブラ
里乃,踊りやすそうな,インナースパッツ,タンクトップブラ,Innaspats that seems to be easy to dance,,Tank top bra that seems to be easy to dance,,踊りやすそうなインナースパッツ,踊りやすそうなタンクトップブラ
隠岐奈,夜空を投影した,星辰のショーツ,星辰のブラ,Hoshin's shorts projected the night sky,,Star Dragon's Bra projected the night sky,,夜空を投影した星辰のショーツ,夜空を投影した星辰のブラ
女苑,とにかく派手な,ラメ入りショーツ,ラメ入りブラ,"Anyway, flashy glitter shorts",,"Anyway, a flashy glitter bra",,とにかく派手なラメ入りショーツ,とにかく派手なラメ入りブラ
紫苑,もはや下着ではない,『差し押さえ』札,『大安売り』札,Fushing bill that is no longer underwear,,Da'an Sale bill that is no longer underwear,,もはや下着ではない『差し押さえ』札,もはや下着ではない『大安売り』札
