"キャラ固有番号","キャラ名","プロンプト","ネガティブ","衣装","備考","備考2","予備1","予備2","予備3","予備4","予備5","予備6"
"0","あなた",,,,,,,,,,,
"1","霊夢","hakurei reimu",,,,,,,,,,
"2","魔理沙","kirisame marisa",,,,,,,,,,
"3","ルーミア","rumia",,,,,,,,,,
"4","大妖精","daiyousei",,,,,,,,,,
"5","チルノ","cirno",,,,,,,,,,
"6","紅美鈴","hong meiling",,,,,,,,,,
"7","小悪魔","koakuma",,,,,,,,,,
"8","パチュリー","patchouli knowledge",,,,,,,,,,
"9","咲夜","izayoi sakuya",,,,,,,,,,
"10","レミリア","remilia scarlet",,,,,,,,,,
"11","フランドール","flandre scarlet",,,,,,,,,,
"12","レティ","letty whiterock",,,,,,,,,,
"13","橙","Chen",,,,,,,,,,
"14","アリス","alice margatroid",,,,,,,,,,
"15","リリーホワイト","Lily White",,,,,,,,,,
"16","リリカ","Lyrica Prismriver",,,,,,,,,,
"17","メルラン","Merlin Prismriver",,,,,,,,,,
"18","ルナサ","Lunasa Prismriver",,,,,,,,,,
"19","妖夢","konpaku youmu",,,,,,,,,,
"20","幽々子","saigyouji yuyuko",,,,,,,,,,
"21","八雲藍","yakumo ran",,,,,,,,,,
"22","八雲紫","Yakumo Yukari",,,,,,,,,,
"23","萃香","Ibuki Suika",,,,,,,,,,
"24","リグル","Wriggle Nightbug",,,,,,,,,,
"25","ミスティア","Mystia Lorelei",,,,,,,,,,
"26","慧音","kamishirasawa keine",,,,,,,,,,
"27","てゐ","Inaba Tewi",,,,,,,,,,
"28","鈴仙","Reisen Udongein Inaba",,,,,,,,,,
"29","永琳","yagokoro eirin",,,,,,,,,,
"30","輝夜","houraisan kaguya",,,,,,,,,,
"31","妹紅","Fujiwara no Mokou",,,,,,,,,,
"32","文","Shameimaru Aya",,,,,,,,,,
"33","メディスン","medicine melancholy",,,,,,,,,,
"34","幽香","Kazami Yuuka",,,,,,,,,,
"35","小町","onozuka komachi",,,,,,,,,,
"36","映姫","shiki eiki",,,,,,,,,,
"37","静葉","aki shizuha",,,,,,,,,,
"38","穣子","aki minoriko",,,,,,,,,,
"39","雛","kagiyama hina",,,,,,,,,,
"40","にとり","kawashiro nitori",,,,,,,,,,
"41","椛","Inubashiri Momiji",,,,,,,,,,
"42","早苗","Kochiya Sanae",,,,,,,,,,
"43","神奈子","yasaka kanako",,,,,,,,,,
"44","諏訪子","moriya suwako",,,,,,,,,,
"45","サニーミルク","sunny milk",,,,,,,,,,
"46","ルナチャイルド","luna child",,,,,,,,,,
"47","スターサファイア","star sapphire",,,,,,,,,,
"48","阿求","hieda no akyuu",,,,,,,,,,
"49","蓮子","usami renko",,,,,,,,,,
"50","メリー","maribel hearn",,,,,,,,,,
"51","魅魔","mima \(touhou\)",,,,,,,,,,
"52","神綺","Shinki \(touhou\)",,,,,,,,,,
"53","豊姫","watatsuki_no_toyohime",,,,,,,,,,
"54","依姫","watatsuki_no_yorihime",,,,,,,,,,
"55","レイセン","reisen \(touhou bougetsushou\)",,,,,,,,,,
"56","リリーブラック","Lily Black",,,,,,,,,,
"57","サラ","sara\(touhou\)",,,,,,,,,,
"58","ルイズ","louise \(touhou\)",,,,,,,,,,
"59","ユキ","yuki \(touhou\)",,,,,,,,,,
"60","マイ","mai \(touhou\)",,,,,,,,,,
"61","夢子","yumeko \(touhou\)",,,,,,,,,,
"62","衣玖","Nagae Iku",,,,,,,,,,
"63","天子","Hinanawi Tenshi",,,,,,,,,,
"64","里香","rika\(touhou\)",,,,,,,,,,
"65","明羅","meira \(touhou\)",,,,,,,,,,
"66","エレン","ellen \(touhou\)",,,,,,,,,,
"67","小兎姫","kotohime \(touhou\)",,,,,,,,,,
"68","カナ","Kana Anaberal",,,,,,,,,,
"69","理香子","asakura rikako",,,,,,,,,,
"70","ちゆり","Kitashirakawa Chiyuri",,,,,,,,,,
"71","夢美","OKAZAKI YUMEMI",,,,,,,,,,
"72","オレンジ","orange \(touhou\)",,,,,,,,,,
"73","くるみ","kurumi \(touhou\)",,,,,,,,,,
"74","エリー","Elly \(touhou\)",,,,,,,,,,
"75","夢月","Mugetsu \(touhou\)",,,,,,,,,,
"76","幻月","Gengetsu \(touhou\)",,,,,,,,,,
"77","キスメ","kisume",,,,,,,,,,
"78","ヤマメ","kurodani yamame",,,,,,,,,,
"79","パルスィ","Mizuhashi Parsee",,,,,,,,,,
"80","勇儀","Hoshiguma Yuugi",,,,,,,,,,
"81","さとり","Komeiji Satori",,,,,,,,,,
"82","燐","kaenbyou rin",,,,,,,,,,
"83","空","Reiuji Utsuho",,,,,,,,,,
"84","こいし","Komeji Koishi",,,,,,,,,,
"85","華扇","ibaraki kasen",,,,,,,,,,
"86","朱鷺子","tokiko",,,,,,,,,,
"87","半霊","konpaku youmu \(ghost\)",,,,,,,,,,
"88","上海人形","shanghai doll",,,,,,,,,,
"89","蓬莱人形","hourai doll ",,,,,,,,,,
"90","ちびアリス","chibi alice",,,,,,,,,,
"91","ナズーリン","Nazrin",,,,,,,,,,
"92","小傘","tatara kogasa",,,,,,,,,,
"93","一輪","kumoi ichirin",,,,,,,,,,
"94","ムラサ","murasa minamitsu",,,,,,,,,,
"95","星","toramaru shou",,,,,,,,,,
"96","白蓮","Hijiri Byakuren",,,,,,,,,,
"97","ぬえ","houjuu nue",,,,,,,,,,
"98","はたて","himekaidou hatate",,,,,,,,,,
"99","ひまわり妖精","sunflower fairy \(touhou\) ",,,,,,,,,,
"100","響子","kasodani kyouko",,,,,,,,,,
"101","芳香","miyako yoshika",,,,,,,,,,
"102","青娥","kaku seiga",,,,,,,,,,
"103","屠自古","soga no tojiko",,,,,,,,,,
"104","布都","mononobe no futo",,,,,,,,,,
"105","神子","toyosatomimi no miko",,,,,,,,,,
"106","マミゾウ","futatsuiwa mamizou",,,,,,,,,,
"107","小鈴","Motoori Kosuzu",,,,,,,,,,
"108","こころ","HATA NO KOKORO",,,,,,,,,,
"109","わかさぎ姫","wakasagihime",,,,,,,,,,
"110","赤蛮奇","sekibanki",,,,,,,,,,
"111","影狼","imaizumi kagerou",,,,,,,,,,
"112","弁々","tsukumo benben",,,,,,,,,,
"113","八橋","tsukumo yatsuhashi",,,,,,,,,,
"114","正邪","kijin seija",,,,,,,,,,
"115","針妙丸","sukuna shinmyoumaru",,,,,,,,,,
"116","雷鼓","horikawa raiko",,,,,,,,,,
"117","菫子","usami sumireko",,,,,,,,,,
"118","清蘭","seiran \(touhou\)",,,,,,,,,,
"119","鈴瑚","ringo \(touhou\)",,,,,,,,,,
"120","ドレミー","doremy sweet",,,,,,,,,,
"121","サグメ","kishin sagume",,,,,,,,,,
"122","クラウンピース","clownpiece",,,,,,,,,,
"123","純狐","junko \(touhou\)",,,,,,,,,,
"124","ヘカーティア","hecatia lapislazuli",,,,,,,,,,
"125","ラルバ","Eternity Larva",,,,,,,,,,
"126","ネムノ","sakata nemuno",,,,,,,,,,
"127","あうん","komano aunn",,,,,,,,,,
"128","成美","Yatadera Narumi",,,,,,,,,,
"129","舞","teireida mai",,,,,,,,,,
"130","里乃","nishida satono",,,,,,,,,,
"131","隠岐奈","matara okina",,,,,,,,,,
"132","女苑","yorigami jo'on",,,,,,,,,,
"133","紫苑","yorigami shion",,,,,,,,,,
"134","瓔花","ebisu youka",,,,,,,,,,
"135","潤美","ushizaki urumi",,,,,,,,,,
"136","久侘歌","niwatari kutaka",,,,,,,,,,
"137","八千慧","kicchou yachie",,,,,,,,,,
"138","磨弓","joutouguu mayumi",,,,,,,,,,
"139","袿姫","haniyasushin keiki",,,,,,,,,,
"140","早鬼","kurokoma saki",,,,,,,,,,
"141","美宵","okunoda miyoi",,,,,,,,,,
"142","ミケ","godoukuji mike",,,,,,,,,,
"143","たかね","yamashiro takane",,,,,,,,,,
"144","山如","komakusa sannyo",,,,,,,,,,
"145","玉造魅須丸","tamatsukuri misumaru",,,,,,,,,,
"146","菅牧典","kudamaki tsukasa",,,,,,,,,,
"147","飯綱丸龍","iizunamaru megumu",,,,,,,,,,
"148","天弓千亦","tenkyuu chimata",,,,,,,,,,
"149","姫虫百々世","Himemushi Momoyo",,,,,,,,,,
"150","饕餮尤魔","toutetsu yuuma",,,,,,,,,,
"151","孫美天","son biten",,,,,,,,,,
"152","三頭慧ノ子","mitsugashira enoko",,,,,,,,,,
"153","天火人ちやり","tenkajin chiyari",,,,,,,,,,
"154","豫母都日狭美","yomotsu hisami",,,,,,,,,,
"155","日白残無","nippaku zanmu",,,,,,,,,,
