番号,名称,プロンプト,変数代入プロンプト
1,クロスボウ,crossbow,${Item=crossbow}
2,魔法の弓矢,bow \(weapon\),${Item=bow \(weapon\)}
3,火炎放射器,flamethrower,${Item=flamethrower}
4,マジックミサイル,rocket launcher,${Item=rocket launcher}
5,苺クロス,"white cross, huge cross","${Item=white cross, huge cross}"
6,博麗のお札,large ofuda,${Item=large ofuda}
7,スペルカード,large card,${Item=large card}
8,魔法の拘束具,shackle,${Item=shackle}
9,☆触手放射器,treasure box,${Item=treasure box}
,,,${Item=}
,,,${Item=}
10,こんぼう,club,${Item=club}
11,ナギナタ,naginata,${Item=naginata}
12,白狼刀,"katana,(a planted sword:0.8)","${Item=katana,(a planted sword:0.8)}"
13,マジカルステッキ,kaleidostick,${Item=kaleidostick}
14,龍魚ドリル,hagoromo,${Item=hagoromo}
15,陰陽玉,treasure box,${Item=treasure box}
16,緋緋色金の剣,"(red sword:1.2),(a planted sword:0.8)","${Item=(red sword:1.2),(a planted sword:0.8)}"
17,☆触手使役術,treasure box,${Item=treasure box}
18,☆触手剣,treasure box,${Item=treasure box}
19,,treasure box,${Item=treasure box}
,,,${Item=}
,,,${Item=}
20,魔導触媒,stone,${Item=stone}
21,簡易魔法陣,paper,${Item=paper}
22,使い魔,dog,${Item=dog}
23,賢者の石,stone,${Item=stone}
24,ウイングブーツ,wing boots,${Item=wing boots}
25,天狗の団扇,maple leaf,${Item=maple leaf}
26,☆咲夜の時計,watch,${Item=watch}
27,身代わり人形,doll,${Item=doll}
28,森羅結界,cherry blossom petals,${Item=cherry blossom petals}
29,酒樽,barrel,${Item=barrel}
30,警策,bat,${Item=bat}
31,絶対領域,stockings,${Item=stockings}
32,病気平癒守,amulet,${Item=amulet}
33,伊吹瓢,gourd,${Item=gourd}
34,緋想の剣,red sword,${Item=red sword}
35,ブラウニー,brownie,${Item=brownie}
36,幸運のお守り,amulet,${Item=amulet}
37,ブラックコーヒー,a cup of coffee,${Item=a cup of coffee}
38,ゴーグル,goggles,${Item=goggles}
39,媚薬,potion bottle,${Item=potion bottle}
40,ヒュプノの魔眼,eye,${Item=eye}
41,ウォッチャーのメガネ,glasses,${Item=glasses}
42,,treasure box,${Item=treasure box}
43,,treasure box,${Item=treasure box}
44,,treasure box,${Item=treasure box}
45,,treasure box,${Item=treasure box}
46,,treasure box,${Item=treasure box}
47,,treasure box,${Item=treasure box}
48,,treasure box,${Item=treasure box}
49,,treasure box,${Item=treasure box}
,,,${Item=}
,,,${Item=}
50,緑茶,"tea,yunomi,steam","${Item=tea,yunomi,steam}"
51,玉露,"tea,yunomi,steam","${Item=tea,yunomi,steam}"
52,日本酒,"sake,sake bottle","${Item=sake,sake bottle}"
53,神酒,"sake,sake bottle","${Item=sake,sake bottle}"
54,着替えセット,folded clothes,${Item=folded clothes}
55,鎮静剤,drug,${Item=drug}
56,興奮剤,syringe,${Item=syringe}
57,薬酒,"sake,sake bottle","${Item=sake,sake bottle}"
58,気付け薬,potion bottle,${Item=potion bottle}
59,煙玉,ball,${Item=ball}
60,☆大人の玩具,sex toys,${Item=sex toys}
61,生命の種,seed,${Item=seed}
62,魔力の種,seed,${Item=seed}
63,敏捷の種,seed,${Item=seed}
64,☆不死鳥の羽,feather,${Item=feather}
65,☆胡蝶夢丸ナイトメア,card,${Item=card}
66,携帯トイレ,toilet bowl,${Item=toilet bowl}
67,包帯,roll bandage,${Item=roll bandage}
68,,treasure box,${Item=treasure box}
69,縮乳薬,drug,${Item=drug}
70,アオカン,can,${Item=can}
71,浄化玉,ball,${Item=ball}
72,すけーるゴーグル,goggles,${Item=goggles}
73,薬草,herb,${Item=herb}
74,寄生封じの札,ofuda,${Item=ofuda}
75,卵浄化の札,ofuda,${Item=ofuda}
76,母乳止めの札,ofuda,${Item=ofuda}
77,排卵誘発剤,drug,${Item=drug}
78,産卵促進剤,drug,${Item=drug}
