キャラ番号,キャラ名,プロンプト,ネガティブ,目の色,メモ
0,あなた,gentlemen,,,
1,宮間かなで,,,black,
2,佐々木美乃里,,,black,
3,久留米紗英,,,,
4,飯野美樹,,,,
5,渡会桔梗,,,,
6,神田ひより,,,,
7,多々良ひな,,,,
8,多々良ゆな,,,,
9,レイチェル・パラディスス,,,,
10,桐生歌音,,,,
11,須野郁美,,,,
12,後藤光希,,,,
13,榊あゆむ,,,,
14,御弦伊月,,,,
15,雛見春乃,,,,
16,美咲エリカ,,,,
17,宮間未依,,,,
18,恋歌・ロックウェル,,,,
19,ヒトミちゃん,,,,
20,赤羽真理,,,,
21,長谷川湊,,,,
22,織部真菜香,,,,
23,天海瑠衣,,,,
24,寺本祐香里,,,,
25,三上聖佳,,,,
26,清水桜子,,,,
27,知吉綾乃,,,,
28,桜井プリシラ,,,,
29,蒼井遙,,,,
30,文野柚香,,,,
31,白波縁,,,,
32,相田エレナ,,,,
33,相田アリサ,,,,
34,中島葉月,,,,
35,織部夏美,,,,
36,川岸あさひ,,,,
37,秋名未澪,,,,
38,闇崎燐子,,,,
39,小日向詩織,,,,
40,庄野そら,,,,
41,羽生理沙,,,,
42,富士川りえ,,,,
43,相葉瀬理奈,,,,
44,高城沙織,,,,
45,三好ゆか子,,,,
46,小鳥遊音羽,,,,
47,水森優樹菜,,,,
51,【求人広告】,,,,
79,キャバ嬢,,,,
80,新島みひろ,,,,
81,エリス,,,,
82,リリス,,,,
83,佐倉結衣花,,,,
84,アイリス,,,,
85,雛見まゆ,,,,
86,ユーニス・パラディスス,,,,
87,桐島翔子,,,,
88,雨草愛理,,,,
89,西方杏子,,,,
90,加瀬芙美香,,,,
91,宮間カナ,,,,
92,アンドロイド,,,,
93,李美鈴,,,,
94,羽瀬川みこと,,,,
95,桐生エレン,,,,
96,リーナ・レスピーチオ,,,,
97,黒井都子,,,,
98,赤城ゆうひ,,,,
99,伊原琴乃,,,,
100,後藤彩香,,,,
101,柑野凛佳,,,,
102,篠崎聖沙,,,,
103,椎名海静,,,,
104,エルファリア・ロココ・ラーグラーデ,,,,
105,ミーナ・クレイン,,,,
106,槇原さち,,,,
107,赤坂姫乃,,,,
108,桜野環,,,,
109,マルチナ・パラディスス,,,,
120,操辻蜂香,,,,
121,ミスティ・ブラウン,,,,
150,佐倉由希,,,,
151,小鳥遊乃絵美,,,,
152,新堂あゆみ,,,,
190,涼本鈴華,,,,
191,永江桜月,,,,
192,宇野未歩,,,,
200,アイーシャ・アルハズラッド,,,,
201,アスカ,,,,
202,小野原あんず,,,,
203,高階美夜,,,,
204,和泉透子,,,,
205,高屋敷春海,,,,
206,鏑木紫苑,,,,
207,両島みちる.,,,,
208,春日律花,,,,
209,上坂美紅,,,,
210,碧野乃衣瑠,,,,
211,赤城ひかる,,,,
212,浅神智子,,,,
213,神那悠喜,,,,
214,本城愛衣子,,,,
215,二見アン,,,,
216,クリスティナ・ロココ・ラーグラーデ,,,,
217,ニコル・パトリナターリ,,,,
218,瑞穂坂奈留,,,,
230,リーゼロッテ・パラディスス,,,,
240,鉢堂陽菜,,,,
